,NAME,Player,Team,W,ERA,IP,HR,BB,SO,AVG,WHIP,NP,half_inning,NP_over_IP,SO_over_IP,BB_over_IP,RANK,TEAM,POS,SALARY,YEARS,TOTAL.VALUE,AVG.ANNUAL
1,"Abad, F"," Abad, F",BOS,1,3.66,46.66666667,4,22,41,0.23,1.33,784,0.666666667,16.8,0.878571429,0.471428571,210,MIN,RP,"$1,250,000 ",1 (2016),"$1,250,000 ","$1,250,000 "
2,"Albers, M"," Albers, M",CWS,2,6.31,51.33333333,10,19,30,0.321,1.68,891,0.333333333,17.35714286,0.584415584,0.37012987,174,CWS,RP,"$2,000,000 ",1 (2016),"$2,000,000 ","$2,000,000 "
3,"Allen, C"," Allen, C",CLE,3,2.51,68,8,27,87,0.177,1,1133,0,16.66176471,1.279411765,0.397058824,122,CLE,RP,"$4,150,000 ",1 (2016),"$4,150,000 ","$4,150,000 "
4,"Alvarez, J"," Alvarez, J",LAA,1,3.45,57.33333333,4,15,51,0.298,1.5,930,0.333333333,16.22093023,0.889534884,0.261627907,402,LAA,RP,"$507,500 ",1 (2016),"$507,500 ","$507,500 "
5,"Anderson, C"," Anderson, C",CLE,2,6.68,60.66666667,13,13,54,0.333,1.62,996,0.666666667,16.41758242,0.89010989,0.214285714,362,CLE,SP,"$511,400 ",1 (2016),"$511,400 ","$511,400 "
6,"Anderson, C"," Anderson, C",CLE,2,6.68,60.66666667,13,13,54,0.333,1.62,996,0.666666667,16.41758242,0.89010989,0.214285714,300,MIL,SP,"$520,200 ",1 (2016),"$520,200 ","$520,200 "
7,"Anderson, C"," Anderson, C",MIL,9,4.39,151.6666667,28,53,120,0.266,1.37,2639,0.666666667,17.4,0.791208791,0.349450549,362,CLE,SP,"$511,400 ",1 (2016),"$511,400 ","$511,400 "
8,"Anderson, C"," Anderson, C",MIL,9,4.39,151.6666667,28,53,120,0.266,1.37,2639,0.666666667,17.4,0.791208791,0.349450549,300,MIL,SP,"$520,200 ",1 (2016),"$520,200 ","$520,200 "
9,"Anderson, T"," Anderson, T",COL,5,3.54,114.3333333,12,28,99,0.272,1.29,1793,0.333333333,15.68221574,0.865889213,0.244897959,379,COL,SP,"$509,500 ",1 (2016),"$509,500 ","$509,500 "
10,"Archer, C"," Archer, C",TB,9,4.02,201.3333333,30,67,233,0.238,1.24,3409,0.333333333,16.93211921,1.157284768,0.332781457,154,TB,SP,"$2,916,667 ",6 (2014-19),"$25,500,000 ","$4,250,000 "
11,"Arrieta, J"," Arrieta, J",CHC,18,3.1,197.3333333,16,76,190,0.194,1.08,3124,0.333333333,15.83108108,0.962837838,0.385135135,46,CHC,SP,"$10,700,000 ",1 (2016),"$10,700,000 ","$10,700,000 "
12,"Axford, J"," Axford, J",OAK,6,3.97,65.66666667,6,30,60,0.258,1.45,1194,0.666666667,18.18274112,0.913705584,0.456852792,110,OAK,RP,"$4,500,000 ",2 (2016-17),"$10,000,000 ","$5,000,000 "
13,"Baez, P"," Baez, P",LAD,3,3.04,74,11,22,83,0.195,1,1178,0,15.91891892,1.121621622,0.297297297,301,LAD,RP,"$520,000 ",1 (2016),"$520,000 ","$520,000 "
14,"Barnes, M"," Barnes, M",BOS,4,4.05,66.66666667,6,31,71,0.248,1.4,1195,0.666666667,17.925,1.065,0.465,364,BOS,RP,"$511,000 ",1 (2016),"$511,000 ","$511,000 "
15,"Barnette, T"," Barnette, T",TEX,7,2.09,60.33333333,4,16,49,0.242,1.16,921,0.333333333,15.26519337,0.812154696,0.26519337,193,TEX,RP,"$1,500,000 ",2 (2016-17),"$3,500,000 ","$1,750,000 "
16,"Barrett, J"," Barrett, J",ARI,1,3.49,59.33333333,6,28,56,0.218,1.26,954,0.333333333,16.07865169,0.943820225,0.471910112,402,ARI,RP,"$507,500 ",1 (2016),"$507,500 ","$507,500 "
17,"Bastardo, A"," Bastardo, A",PIT,3,4.52,67.66666667,11,32,74,0.234,1.36,1223,0.666666667,18.07389163,1.093596059,0.472906404,100,NYM,RP,"$5,375,000 ",2 (2016-17),"$12,000,000 ","$6,000,000 "
18,"Bauer, T"," Bauer, T",CLE,12,4.26,190,20,70,168,0.248,1.31,3092,0,16.27368421,0.884210526,0.368421053,187,CLE,SP,"$1,697,500 ",1 (2016),"$1,697,500 ","$1,697,500 "
19,"Bedrosian, C"," Bedrosian, C",LAA,2,1.12,40.33333333,1,14,51,0.207,1.09,655,0.333333333,16.23966942,1.26446281,0.347107438,366,LAA,RP,"$510,500 ",1 (2016),"$510,500 ","$510,500 "
20,"Belisle, M"," Belisle, M",WSH,0,1.76,46,2,7,32,0.244,1.09,671,0,14.58695652,0.695652174,0.152173913,210,WSH,RP,"$1,250,000 ",1 (2016),"$1,250,000 ","$1,250,000 "
21,"Benoit, J"," Benoit, J",TOR,3,2.81,48,5,24,52,0.21,1.27,836,0,17.41666667,1.083333333,0.5,70,SEA,RP,"$7,500,000 ",1 (2016),"$7,500,000 ","$7,500,000 "
22,"Betances, D"," Betances, D",NYY,3,3.08,73,5,28,126,0.201,1.12,1250,0,17.12328767,1.726027397,0.383561644,402,NYY,RP,"$507,500 ",1 (2016),"$507,500 ","$507,500 "
23,"Bettis, C"," Bettis, C",COL,14,4.79,186,22,59,138,0.278,1.41,3055,0,16.42473118,0.741935484,0.317204301,347,COL,SP,"$512,500 ",1 (2016),"$512,500 ","$512,500 "
24,"Biagini, J"," Biagini, J",TOR,4,3.06,67.66666667,3,19,62,0.259,1.3,1117,0.666666667,16.50738916,0.916256158,0.280788177,402,TOR,RP,"$507,500 ",1 (2016),"$507,500 ","$507,500 "
25,"Blanton, J"," Blanton, J",LAD,7,2.48,80,7,26,80,0.194,1.01,1278,0,15.975,1,0.325,125,LAD,RP,"$4,000,000 ",1 (2016),"$4,000,000 ","$4,000,000 "
26,"Blazek, M"," Blazek, M",MIL,3,5.66,41.33333333,7,27,36,0.311,1.91,818,0.333333333,19.79032258,0.870967742,0.653225806,342,MIL,RP,"$514,200 ",1 (2016),"$514,200 ","$514,200 "
27,"Blevins, J"," Blevins, J",NYM,4,2.79,42,4,15,52,0.229,1.21,728,0,17.33333333,1.238095238,0.357142857,125,NYM,RP,"$4,000,000 ",1 (2016),"$4,000,000 ","$4,000,000 "
28,"Bowman, M"," Bowman, M",STL,2,3.46,67.66666667,4,20,52,0.229,1.17,1060,0.666666667,15.66502463,0.768472906,0.295566502,402,STL,SP,"$507,500 ",1 (2016),"$507,500 ","$507,500 "
29,"Boyer, B"," Boyer, B",MIL,2,3.95,66,4,17,26,0.305,1.47,1052,0,15.93939394,0.393939394,0.257575758,229,MIL,RP,"$950,000 ",1 (2016),"$950,000 ","$950,000 "
30,"Brach, B"," Brach, B",BAL,10,2.05,79,7,25,92,0.201,1.04,1295,0,16.39240506,1.164556962,0.316455696,210,BAL,RP,"$1,250,000 ",1 (2016),"$1,250,000 ","$1,250,000 "
31,"Britton, Z"," Britton, Z",BAL,2,0.54,67,1,18,74,0.162,0.84,1027,0,15.32835821,1.104477612,0.268656716,80,BAL,RP,"$6,750,000 ",1 (2016),"$6,750,000 ","$6,750,000 "
32,"Broxton, J"," Broxton, J",STL,4,4.3,60.66666667,7,24,57,0.229,1.25,1002,0.666666667,16.51648352,0.93956044,0.395604396,135,STL,RP,"$3,750,000 ",2 (2016-17),"$7,500,000 ","$3,750,000 "
33,"Buchholz, C"," Buchholz, C",BOS,8,4.78,139.3333333,21,55,93,0.25,1.33,2226,0.333333333,15.97607656,0.667464115,0.394736842,29,BOS,SP,"$13,000,000 ",1 (2016),"$13,000,000 ","$13,000,000 "
34,"Buchter, R"," Buchter, R",SD,3,2.86,63,4,31,78,0.16,1.03,1127,0,17.88888889,1.238095238,0.492063492,301,SD,RP,"$520,000 ",1 (2016),"$520,000 ","$520,000 "
35,"Bumgarner, M"," Bumgarner, M",SF,15,2.74,226.6666667,26,54,251,0.213,1.03,3571,0.666666667,15.75441176,1.107352941,0.238235294,51,SF,SP,"$9,916,667 ",5 (2013-17),"$35,000,000 ","$7,000,000 "
36,"Bundy, D"," Bundy, D",BAL,10,4.02,109.6666667,18,42,104,0.257,1.38,1951,0.666666667,17.79027356,0.948328267,0.382978723,184,BAL,SP,"$1,800,000 ",1 (2016),"$1,800,000 ","$1,800,000 "
37,"Cahill, T"," Cahill, T",CHC,4,2.74,65.66666667,7,35,66,0.201,1.28,1162,0.666666667,17.69543147,1.005076142,0.532994924,117,CHC,RP,"$4,250,000 ",1 (2016),"$4,250,000 ","$4,250,000 "
38,"Cain, M"," Cain, M",SF,4,5.64,89.33333333,16,32,72,0.299,1.51,1568,0.333333333,17.55223881,0.805970149,0.358208955,12,SF,SP,"$20,833,333 ",6 (2012-17),"$127,500,000 ","$21,250,000 "
39,"Caminero, A"," Caminero, A",SEA,2,3.56,60.66666667,7,33,50,0.28,1.65,1102,0.666666667,18.16483516,0.824175824,0.543956044,265,PIT,RP,"$532,500 ",1 (2016),"$532,500 ","$532,500 "
40,"Carrasco, C"," Carrasco, C",CLE,11,3.32,146.3333333,21,34,150,0.24,1.15,2246,0.333333333,15.34851936,1.025056948,0.232346241,110,CLE,SP,"$4,500,000 ",4 (2015-18),"$22,000,000 ","$5,500,000 "
41,"Cashner, A"," Cashner, A",MIA,5,5.25,132,19,60,112,0.279,1.53,2370,0,17.95454545,0.848484848,0.454545455,76,SD,SP,"$7,150,000 ",1 (2016),"$7,150,000 ","$7,150,000 "
42,"Casilla, S"," Casilla, S",SF,2,3.57,58,8,19,65,0.235,1.19,950,0,16.37931034,1.120689655,0.327586207,83,SF,RP,"$6,500,000 ",1 (2016),"$6,500,000 ","$6,500,000 "
43,"Cedeno, X"," Cedeno, X",TB,3,3.7,41.33333333,2,13,43,0.229,1.19,692,0.333333333,16.74193548,1.040322581,0.314516129,286,TB,RP,"$524,100 ",1 (2016),"$524,100 ","$524,100 "
44,"Chapman, A"," Chapman, A",CHC,4,1.55,58,2,18,90,0.158,0.86,976,0,16.82758621,1.551724138,0.310344828,55,NYY,RP,"$9,468,443 ",1 (2016),"$11,325,000 ","$11,325,000 "
45,"Chatwood, T"," Chatwood, T",COL,12,3.87,158,15,70,117,0.25,1.37,2546,0,16.11392405,0.740506329,0.443037975,221,COL,SP,"$1,000,000 ",2 (2015-16),"$2,000,000 ","$1,000,000 "
46,"Chavez, J"," Chavez, J",LAD,2,4.43,67,12,18,63,0.272,1.33,1123,0,16.76119403,0.940298507,0.268656716,125,TOR,RP,"$4,000,000 ",1 (2016),"$4,000,000 ","$4,000,000 "
47,"Chen, W"," Chen, W",MIA,5,4.96,123.3333333,22,24,100,0.276,1.28,1918,0.333333333,15.55135135,0.810810811,0.194594595,31,MIA,SP,"$12,500,000 ",5 (2016-20),"$80,000,000 ","$16,000,000 "
48,"Cingrani, T"," Cingrani, T",CIN,2,4.14,63,5,37,49,0.236,1.44,1095,0,17.38095238,0.777777778,0.587301587,267,CIN,RP,"$530,000 ",1 (2016),"$530,000 ","$530,000 "
49,"Cishek, S"," Cishek, S",SEA,4,2.81,64,8,21,76,0.19,1.02,1076,0,16.8125,1.1875,0.328125,125,SEA,RP,"$4,000,000 ",2 (2016-17),"$10,000,000 ","$5,000,000 "
50,"Clippard, T"," Clippard, T",NYY,4,3.57,63,10,26,72,0.231,1.27,1059,0,16.80952381,1.142857143,0.412698413,91,ARI,RP,"$6,100,000 ",2 (2016-17),"$12,250,000 ","$6,125,000 "
51,"Cole, G"," Cole, G",PIT,7,3.88,116,7,36,98,0.289,1.44,1938,0,16.70689655,0.844827586,0.310344828,251,PIT,SP,"$548,000 ",1 (2016),"$548,000 ","$548,000 "
52,"Coleman, L"," Coleman, L",LAD,2,4.69,48,5,24,45,0.25,1.44,889,0,18.52083333,0.9375,0.5,240,LAD,RP,"$725,000 ",1 (2016),"$725,000 ","$725,000 "
53,"Colome, A"," Colome, A",TB,2,1.91,56.66666667,6,15,71,0.206,1.02,860,0.666666667,15.17647059,1.252941176,0.264705882,293,TB,RP,"$521,700 ",1 (2016),"$521,700 ","$521,700 "
54,"Colon, B"," Colon, B",NYM,15,3.43,191.6666667,24,32,128,0.268,1.21,2853,0.666666667,14.88521739,0.667826087,0.166956522,74,NYM,SP,"$7,250,000 ",1 (2016),"$7,250,000 ","$7,250,000 "
55,"Conley, A"," Conley, A",MIA,8,3.85,133.3333333,13,62,124,0.25,1.4,2274,0.333333333,17.055,0.93,0.465,347,MIA,SP,"$512,500 ",1 (2016),"$512,500 ","$512,500 "
56,"Corbin, P"," Corbin, P",ARI,5,5.15,155.6666667,24,66,131,0.286,1.56,2539,0.666666667,16.31049251,0.841541756,0.423982869,162,ARI,SP,"$2,525,000 ",1 (2016),"$2,525,000 ","$2,525,000 "
57,"Cosart, J"," Cosart, J",SD,0,6,57,4,39,38,0.271,1.75,1095,0,19.21052632,0.666666667,0.684210526,249,MIA,SP,"$550,000 ",1 (2016),"$550,000 ","$550,000 "
58,"Cueto, J"," Cueto, J",SF,18,2.79,219.6666667,15,45,198,0.238,1.09,3299,0.666666667,15.01820941,0.901365706,0.204855842,20,SF,SP,"$17,500,000 ",6 (2016-21),"$130,000,000 ","$21,666,666 "
59,"Darvish, Y"," Darvish, Y",TEX,7,3.41,100.3333333,12,31,132,0.214,1.12,1579,0.333333333,15.73754153,1.315614618,0.3089701,49,TEX,SP,"$10,000,000 ",6 (2012-17),"$56,000,000 ","$9,333,333 "
60,"Davis, W"," Davis, W",KC,2,1.87,43.33333333,0,16,47,0.21,1.13,719,0.333333333,16.59230769,1.084615385,0.369230769,16,CHC,--,"$19,555,288 ",1 (2017),"$19,555,288 ","$19,555,288 "
61,"DeLaRosa, J"," DeLaRosa, J",COL,8,5.51,134,23,63,108,0.293,1.64,2343,0,17.48507463,0.805970149,0.470149254,31,COL,SP,"$12,500,000 ",2 (2015-16),"$25,000,000 ","$12,500,000 "
62,"DeLaRosa, R"," DeLaRosa, R",ARI,4,4.26,50.66666667,8,20,54,0.219,1.24,857,0.666666667,16.91447368,1.065789474,0.394736842,170,ARI,SP,"$2,350,000 ",1 (2016),"$2,350,000 ","$2,350,000 "
63,"Delgado, R"," Delgado, R",ARI,5,4.44,75,8,36,68,0.265,1.51,1355,0,18.06666667,0.906666667,0.48,207,ARI,SP,"$1,275,000 ",1 (2016),"$1,275,000 ","$1,275,000 "
64,"DeSclafani, A"," DeSclafani, A",CIN,9,3.28,123.3333333,16,30,105,0.259,1.22,1968,0.333333333,15.95675676,0.851351351,0.243243243,256,CIN,SP,"$540,000 ",1 (2016),"$540,000 ","$540,000 "
65,"Detwiler, R"," Detwiler, R",OAK,2,6.1,48.66666667,5,19,26,0.296,1.6,834,0.666666667,17.1369863,0.534246575,0.390410959,221,CLE,RP,"$1,000,000 ",1 (2016),"$1,000,000 ","$1,000,000 "
66,"Diaz, J"," Diaz, J",CIN,1,3.14,43,8,19,37,0.224,1.28,767,0,17.8372093,0.860465116,0.441860465,281,CIN,RP,"$525,000 ",1 (2016),"$525,000 ","$525,000 "
67,"Diaz, J"," Diaz, J",CIN,1,3.14,43,8,19,37,0.224,1.28,767,0,17.8372093,0.860465116,0.441860465,379,COL,RP,"$509,500 ",1 (2016),"$509,500 ","$509,500 "
68,"Dickey, R"," Dickey, R",TOR,10,4.46,169.6666667,28,63,126,0.258,1.37,2742,0.666666667,16.1611002,0.742632613,0.371316306,36,TOR,SP,"$12,000,000 ",1 (2016),"$25,000,000 ","$25,000,000 "
69,"Diekman, J"," Diekman, J",TEX,4,3.4,53,4,26,59,0.189,1.17,932,0,17.58490566,1.113207547,0.490566038,209,TEX,RP,"$1,255,000 ",1 (2016),"$1,255,000 ","$1,255,000 "
70,"Doolittle, S"," Doolittle, S",OAK,2,3.23,39,6,8,45,0.231,1.05,595,0,15.25641026,1.153846154,0.205128205,191,OAK,RP,"$1,580,000 ",5 (2014-18),"$10,500,000 ","$2,100,000 "
71,"Duffy, D"," Duffy, D",KC,12,3.51,179.6666667,27,42,188,0.241,1.14,2707,0.666666667,15.06679035,1.046382189,0.233766234,120,KC,RP,"$4,225,000 ",1 (2016),"$4,225,000 ","$4,225,000 "
72,"Duke, Z"," Duke, Z",STL,2,2.36,61,2,29,68,0.217,1.26,1014,0,16.62295082,1.114754098,0.475409836,105,CWS,RP,"$5,000,000 ",3 (2015-17),"$15,000,000 ","$5,000,000 "
73,"Dull, R"," Dull, R",OAK,5,2.42,74.33333333,10,15,73,0.186,0.87,1217,0.333333333,16.37219731,0.98206278,0.201793722,402,OAK,RP,"$507,500 ",1 (2016),"$507,500 ","$507,500 "
74,"Dunn, M"," Dunn, M",MIA,6,3.4,42.33333333,5,11,38,0.27,1.28,720,0.333333333,17.00787402,0.897637795,0.25984252,139,MIA,P,"$3,450,000 ",2 (2015-16),"$5,800,000 ","$2,900,000 "
75,"Dyson, S"," Dyson, S",TEX,3,2.43,70.33333333,5,23,55,0.244,1.22,990,0.333333333,14.07582938,0.781990521,0.327014218,280,TEX,RP,"$525,270 ",1 (2016),"$525,270 ","$525,270 "
76,"Eickhoff, J"," Eickhoff, J",PHI,11,3.65,197.3333333,30,42,167,0.251,1.16,3028,0.333333333,15.34459459,0.846283784,0.212837838,328,PHI,SP,"$516,000 ",1 (2016),"$516,000 ","$516,000 "
77,"Eovaldi, N"," Eovaldi, N",NYY,9,4.76,124.6666667,23,40,97,0.255,1.31,2064,0.666666667,16.55614973,0.778074866,0.320855615,96,NYY,SP,"$5,600,000 ",1 (2016),"$5,600,000 ","$5,600,000 "
78,"Estrada, M"," Estrada, M",TOR,9,3.48,176,23,65,165,0.203,1.12,2843,0,16.15340909,0.9375,0.369318182,39,TOR,SP,"$11,500,000 ",2 (2016-17),"$26,000,000 ","$13,000,000 "
79,"Familia, J"," Familia, J",NYM,3,2.55,77.66666667,1,31,84,0.22,1.21,1262,0.666666667,16.24892704,1.081545064,0.399141631,123,NYM,RP,"$4,100,000 ",1 (2016),"$4,100,000 ","$4,100,000 "
80,"Feldman, S"," Feldman, S",TOR,7,3.97,77,10,19,56,0.282,1.38,1316,0,17.09090909,0.727272727,0.246753247,66,HOU,SP,"$8,000,000 ",3 (2014-16),"$30,000,000 ","$10,000,000 "
81,"Feliz, M"," Feliz, M",HOU,8,4.43,65,10,22,95,0.224,1.18,1148,0,17.66153846,1.461538462,0.338461538,399,HOU,RP,"$508,200 ",1 (2016),"$508,200 ","$508,200 "
82,"Feliz, N"," Feliz, N",PIT,4,3.52,53.66666667,10,21,61,0.207,1.14,940,0.666666667,17.51552795,1.136645963,0.391304348,131,PIT,RP,"$3,900,000 ",1 (2016),"$3,900,000 ","$3,900,000 "
83,"Fernandez, J"," Fernandez, J",MIA,16,2.86,182.3333333,13,55,253,0.224,1.12,2940,0.333333333,16.12431444,1.387568556,0.301645338,155,MIA,SP,"$2,800,000 ",1 (2016),"$2,800,000 ","$2,800,000 "
84,"Fien, C"," Fien, C",LAD,1,5.49,39.33333333,13,10,35,0.285,1.4,657,0.333333333,16.70338983,0.889830508,0.254237288,171,MIN,RP,"$2,275,000 ",1 (2016),"$2,275,000 ","$2,275,000 "
85,"Fiers, M"," Fiers, M",HOU,11,4.48,168.6666667,26,42,134,0.28,1.36,2771,0.666666667,16.42885375,0.794466403,0.249011858,286,HOU,SP,"$524,100 ",1 (2016),"$524,100 ","$524,100 "
86,"Finnegan, B"," Finnegan, B",CIN,10,3.98,172,29,84,145,0.236,1.36,2884,0,16.76744186,0.843023256,0.488372093,359,CIN,SP,"$511,500 ",1 (2016),"$511,500 ","$511,500 "
87,"Fister, D"," Fister, D",HOU,12,4.64,180.3333333,24,62,115,0.276,1.43,3000,0.333333333,16.63585952,0.637707948,0.343807763,77,HOU,SP,"$7,000,000 ",1 (2016),"$7,000,000 ","$7,000,000 "
88,"Gallardo, Y"," Gallardo, Y",BAL,6,5.42,118,16,61,85,0.276,1.58,2107,0,17.8559322,0.720338983,0.516949153,63,BAL,SP,"$8,728,776 ",2 (2016-17),"$22,000,000 ","$11,000,000 "
89,"Gant, J"," Gant, J",ATL,1,4.86,50,7,21,49,0.278,1.5,943,0,18.86,0.98,0.42,402,ATL,RP,"$507,500 ",1 (2016),"$507,500 ","$507,500 "
90,"Garcia, J"," Garcia, J",STL,10,4.67,171.6666667,26,57,150,0.268,1.37,2578,0.666666667,15.01747573,0.873786408,0.332038835,39,STL,SP,"$11,500,000 ",1 (2016),"$11,500,000 ","$11,500,000 "
91,"Garza, M"," Garza, M",MIL,6,4.51,101.6666667,11,36,70,0.283,1.5,1717,0.666666667,16.88852459,0.68852459,0.354098361,34,MIL,SP,"$12,209,424 ",4 (2014-17),"$50,000,000 ","$12,500,000 "
92,"Gausman, K"," Gausman, K",BAL,9,3.61,179.6666667,28,47,174,0.262,1.28,3113,0.666666667,17.32653061,0.968460111,0.261595547,266,BAL,SP,"$532,000 ",1 (2016),"$532,000 ","$532,000 "
93,"Gearrin, C"," Gearrin, C",SF,3,4.28,48.33333333,4,14,45,0.233,1.16,732,0.333333333,15.14482759,0.931034483,0.289655172,249,SF,RP,"$550,000 ",1 (2016),"$550,000 ","$550,000 "
94,"Gee, D"," Gee, D",KC,8,4.68,125,24,37,89,0.291,1.46,2047,0,16.376,0.712,0.296,174,KC,SP,"$2,000,000 ",1 (2016),"$2,000,000 ","$2,000,000 "
95,"Gibson, K"," Gibson, K",MIN,6,5.07,147.3333333,20,55,104,0.298,1.56,2468,0.333333333,16.75113122,0.705882353,0.373303167,246,MIN,SP,"$587,500 ",1 (2016),"$587,500 ","$587,500 "
96,"Giles, K"," Giles, K",HOU,2,4.11,65.66666667,8,25,102,0.234,1.29,1117,0.666666667,17.01015228,1.553299492,0.38071066,274,HOU,RP,"$528,200 ",1 (2016),"$528,200 ","$528,200 "
97,"Givens, M"," Givens, M",BAL,8,3.13,74.66666667,6,36,96,0.22,1.27,1306,0.666666667,17.49107143,1.285714286,0.482142857,359,BAL,RP,"$511,500 ",1 (2016),"$511,500 ","$511,500 "
98,"Gomez, J"," Gomez, J",PHI,3,4.85,68.66666667,6,22,47,0.289,1.46,1154,0.666666667,16.80582524,0.684466019,0.32038835,200,PHI,RP,"$1,400,000 ",1 (2016),"$1,400,000 ","$1,400,000 "
99,"Gonzalez, G"," Gonzalez, G",WSH,11,4.57,177.3333333,19,59,171,0.262,1.34,3116,0.333333333,17.57142857,0.964285714,0.332706767,35,WSH,SP,"$12,100,000 ",5 (2012-16),"$42,000,000 ","$8,400,000 "
100,"Graveman, K"," Graveman, K",OAK,10,4.11,186,22,47,108,0.271,1.31,2832,0,15.22580645,0.580645161,0.252688172,347,OAK,SP,"$512,500 ",1 (2016),"$512,500 ","$512,500 "
101,"Gray, J"," Gray, J",COL,10,4.61,168,18,59,185,0.243,1.26,2793,0,16.625,1.101190476,0.351190476,379,COL,SP,"$509,500 ",1 (2016),"$509,500 ","$509,500 "
102,"Gray, S"," Gray, S",OAK,5,5.69,117,18,42,94,0.286,1.5,1947,0,16.64102564,0.803418803,0.358974359,275,OAK,SP,"$527,500 ",1 (2016),"$527,500 ","$527,500 "
103,"Greene, S"," Greene, S",DET,5,5.82,60.33333333,3,22,59,0.257,1.33,983,0.333333333,16.29281768,0.977900552,0.364640884,321,DET,SP,"$517,000 ",1 (2016),"$517,000 ","$517,000 "
104,"Gregerson, L"," Gregerson, L",HOU,4,3.28,57.66666667,5,18,67,0.183,0.97,852,0.666666667,14.77456647,1.161849711,0.312138728,80,HOU,RP,"$6,750,000 ",3 (2015-17),"$18,500,000 ","$6,166,666 "
105,"Greinke, Z"," Greinke, Z",ARI,13,4.37,158.6666667,23,41,134,0.262,1.27,2503,0.666666667,15.77521008,0.844537815,0.258403361,2,ARI,SP,"$31,799,030 ",6 (2016-21),"$206,500,000 ","$34,416,666 "
106,"Grimm, J"," Grimm, J",CHC,2,4.1,52.66666667,5,23,65,0.234,1.33,906,0.666666667,17.20253165,1.234177215,0.436708861,207,CHC,RP,"$1,275,000 ",1 (2016),"$1,275,000 ","$1,275,000 "
107,"Hamels, C"," Hamels, C",TEX,15,3.32,200.6666667,24,77,200,0.243,1.31,3253,0.666666667,16.21096346,0.996677741,0.38372093,8,TEX,SP,"$22,500,000 ",6 (2013-18),"$144,000,000 ","$24,000,000 "
108,"Hammel, J"," Hammel, J",CHC,15,3.83,166.6666667,25,53,144,0.239,1.21,2623,0.666666667,15.738,0.864,0.318,58,CHC,P,"$9,000,000 ",2 (2015-16),"$20,000,000 ","$10,000,000 "
109,"Happ, J"," Happ, J",TOR,20,3.18,195,22,60,163,0.231,1.17,3033,0,15.55384615,0.835897436,0.307692308,49,TOR,SP,"$10,000,000 ",3 (2016-18),"$36,000,000 ","$12,000,000 "
110,"Harris, W"," Harris, W",HOU,1,2.25,64,3,15,69,0.22,1.05,1045,0,16.328125,1.078125,0.234375,278,HOU,RP,"$525,500 ",1 (2016),"$525,500 ","$525,500 "
111,"Harvey, M"," Harvey, M",NYM,4,4.86,92.66666667,8,25,76,0.302,1.47,1514,0.666666667,16.3381295,0.820143885,0.269784173,115,NYM,SP,"$4,325,000 ",1 (2016),"$4,325,000 ","$4,325,000 "
112,"Hatcher, C"," Hatcher, C",LAD,5,5.53,40.66666667,8,21,43,0.253,1.5,770,0.666666667,18.93442623,1.057377049,0.516393443,217,LAD,RP,"$1,065,000 ",1 (2016),"$1,065,000 ","$1,065,000 "
113,"Hellickson, J"," Hellickson, J",PHI,12,3.71,189,24,45,154,0.243,1.15,2925,0,15.47619048,0.814814815,0.238095238,77,PHI,SP,"$7,000,000 ",1 (2016),"$7,000,000 ","$7,000,000 "
114,"Hendricks, K"," Hendricks, K",CHC,16,2.13,190,15,44,170,0.207,0.98,2888,0,15.2,0.894736842,0.231578947,255,CHC,SP,"$541,000 ",1 (2016),"$541,000 ","$541,000 "
115,"Hendriks, L"," Hendriks, L",OAK,0,3.76,64.66666667,6,14,71,0.27,1.28,1081,0.666666667,16.71649485,1.097938144,0.216494845,290,OAK,RP,"$523,400 ",1 (2016),"$523,400 ","$523,400 "
116,"Hernandez, D"," Hernandez, D",PHI,3,3.84,72.66666667,11,32,80,0.27,1.5,1276,0.666666667,17.55963303,1.100917431,0.440366972,131,PHI,RP,"$3,900,000 ",1 (2016),"$3,900,000 ","$3,900,000 "
117,"Hernandez, F"," Hernandez, F",SEA,11,3.82,153.3333333,19,65,122,0.239,1.32,2453,0.333333333,15.99782609,0.795652174,0.423913043,5,SEA,SP,"$25,857,143 ",7 (2013-19),"$175,000,000 ","$25,000,000 "
118,"Herrera, K"," Herrera, K",KC,2,2.75,72,6,12,86,0.214,0.96,1091,0,15.15277778,1.194444444,0.166666667,161,KC,RP,"$2,550,000 ",2 (2015-16),"$4,150,000 ","$2,075,000 "
119,"Hill, R"," Hill, R",LAD,12,2.12,110.3333333,4,33,129,0.195,1,1819,0.333333333,16.48640483,1.16918429,0.299093656,92,OAK,SP,"$6,000,000 ",1 (2016),"$6,000,000 ","$6,000,000 "
120,"Howell, J"," Howell, J",LAD,1,4.09,50.66666667,4,15,44,0.281,1.4,883,0.666666667,17.42763158,0.868421053,0.296052632,86,LAD,RP,"$6,250,000 ",1 (2016),"$6,250,000 ","$6,250,000 "
121,"Hudson, D"," Hudson, D",ARI,3,5.22,60.33333333,6,22,58,0.269,1.44,1113,0.333333333,18.44751381,0.961325967,0.364640884,158,ARI,RP,"$2,700,000 ",1 (2016),"$2,700,000 ","$2,700,000 "
122,"Hughes, P"," Hughes, P",MIN,1,5.95,59,11,13,34,0.313,1.51,907,0,15.37288136,0.576271186,0.220338983,56,MIN,SP,"$9,200,000 ",5 (2015-19),"$58,000,000 ","$11,600,000 "
123,"Iglesias, R"," Iglesias, R",CIN,3,2.53,78.33333333,7,26,83,0.216,1.14,1245,0.333333333,15.89361702,1.059574468,0.331914894,144,CIN,SP,"$3,214,285 ",7 (2014-20),"$27,000,000 ","$3,857,142 "
124,"Iwakuma, H"," Iwakuma, H",SEA,16,4.12,199,28,46,147,0.282,1.33,2981,0,14.9798995,0.738693467,0.231155779,41,SEA,SP,"$11,000,000 ",2 (2016-17),"$26,000,000 ","$13,000,000 "
125,"Jackson, E"," Jackson, E",SD,5,5.89,84,14,41,61,0.283,1.58,1401,0,16.67857143,0.726190476,0.488095238,402,MIA,P,"$507,500 ",1 (2016),"$507,500 ","$507,500 "
126,"Jansen, K"," Jansen, K",LAD,3,1.83,68.66666667,4,11,104,0.15,0.67,1002,0.666666667,14.59223301,1.514563107,0.160194175,47,LAD,RP,"$10,650,000 ",1 (2016),"$10,650,000 ","$10,650,000 "
127,"Jeffress, J"," Jeffress, J",TEX,3,2.33,58,2,18,42,0.255,1.26,867,0,14.94827586,0.724137931,0.310344828,312,MIL,RP,"$519,100 ",1 (2016),"$519,100 ","$519,100 "
128,"Jennings, D"," Jennings, D",CWS,4,2.08,60.66666667,1,28,46,0.259,1.4,1027,0.666666667,16.92857143,0.758241758,0.461538462,236,CWS,RP,"$810,000 ",1 (2016),"$810,000 ","$810,000 "
129,"Jepsen, K"," Jepsen, K",TB,2,5.98,49.66666667,12,21,35,0.315,1.67,878,0.666666667,17.67785235,0.704697987,0.422818792,101,MIN,RP,"$5,312,000 ",1 (2016),"$5,312,000 ","$5,312,000 "
130,"Jimenez, U"," Jimenez, U",BAL,8,5.44,142.3333333,16,72,125,0.268,1.56,2492,0.333333333,17.50819672,0.878220141,0.505854801,30,BAL,P,"$12,673,102 ",4 (2014-17),"$50,000,000 ","$12,500,000 "
131,"Johnson, J"," Johnson, J",ATL,2,3.06,64.66666667,3,20,68,0.236,1.19,1054,0.666666667,16.29896907,1.051546392,0.309278351,163,ATL,RP,"$2,500,000 ",1 (2016),"$2,500,000 ","$2,500,000 "
132,"Jones, N"," Jones, N",CWS,5,2.29,70.66666667,7,15,80,0.19,0.89,1009,0.666666667,14.27830189,1.132075472,0.212264151,230,CWS,RP,"$900,000 ",3 (2016-18),"$8,000,000 ","$2,666,666 "
133,"Karns, N"," Karns, N",SEA,6,5.15,94.33333333,11,45,101,0.259,1.48,1679,0.333333333,17.79858657,1.070671378,0.477031802,288,SEA,SP,"$523,700 ",1 (2016),"$523,700 ","$523,700 "
134,"Kazmir, S"," Kazmir, S",LAD,10,4.56,136.3333333,21,52,134,0.253,1.36,2392,0.333333333,17.54523227,0.982885086,0.381418093,26,LAD,SP,"$14,985,384 ",3 (2016-18),"$48,000,000 ","$16,000,000 "
135,"Kelley, S"," Kelley, S",WSH,3,2.64,58,9,11,80,0.194,0.9,907,0,15.63793103,1.379310345,0.189655172,125,WSH,RP,"$4,000,000 ",3 (2016-18),"$15,000,000 ","$5,000,000 "
136,"Kelly, J"," Kelly, J",BOS,4,5.18,40,5,24,48,0.278,1.7,739,0,18.475,1.2,0.6,159,BOS,SP,"$2,600,000 ",1 (2016),"$2,600,000 ","$2,600,000 "
137,"Kennedy, I"," Kennedy, I",KC,11,3.68,195.6666667,33,66,184,0.236,1.22,3378,0.666666667,17.26405451,0.940374787,0.337308348,70,KC,SP,"$7,500,000 ",5 (2016-20),"$70,000,000 ","$14,000,000 "
138,"Kershaw, C"," Kershaw, C",LAD,12,1.69,149,8,11,172,0.184,0.72,2062,0,13.83892617,1.154362416,0.073825503,1,LAD,SP,"$33,000,000 ",7 (2014-20),"$215,000,000 ","$30,714,286 "
139,"Keuchel, D"," Keuchel, D",HOU,9,4.55,168,20,48,144,0.259,1.29,2670,0,15.89285714,0.857142857,0.285714286,74,HOU,SP,"$7,250,000 ",1 (2016),"$7,250,000 ","$7,250,000 "
140,"Kimbrel, C"," Kimbrel, C",BOS,2,3.4,53,4,30,83,0.152,1.09,935,0,17.64150943,1.566037736,0.566037736,41,BOS,RP,"$11,000,000 ",4 (2014-17),"$42,000,000 ","$10,500,000 "
141,"Kluber, C"," Kluber, C",CLE,18,3.14,215,22,57,227,0.216,1.06,3189,0,14.83255814,1.055813953,0.265116279,109,CLE,SP,"$4,700,000 ",5 (2015-19),"$38,500,000 ","$7,700,000 "
142,"Koehler, T"," Koehler, T",MIA,9,4.33,176.6666667,22,83,147,0.261,1.47,3089,0.666666667,17.48490566,0.832075472,0.469811321,137,MIA,SP,"$3,500,000 ",1 (2016),"$3,500,000 ","$3,500,000 "
143,"Kontos, G"," Kontos, G",SF,3,2.53,53.33333333,3,20,35,0.219,1.16,799,0.333333333,14.98125,0.65625,0.375,215,SF,RP,"$1,150,000 ",1 (2016),"$1,150,000 ","$1,150,000 "
144,"Lackey, J"," Lackey, J",CHC,11,3.35,188.3333333,23,53,180,0.218,1.06,2853,0.333333333,15.14867257,0.955752212,0.281415929,22,CHC,SP,"$16,000,000 ",2 (2016-17),"$32,000,000 ","$16,000,000 "
145,"Lamb, J"," Lamb, J",TB,1,6.43,70,14,31,58,0.303,1.64,1264,0,18.05714286,0.828571429,0.442857143,402,CIN,SP,"$507,500 ",1 (2016),"$507,500 ","$507,500 "
146,"Latos, M"," Latos, M",WSH,7,4.89,70,11,30,42,0.273,1.49,1184,0,16.91428571,0.6,0.428571429,149,CWS,SP,"$3,000,000 ",1 (2016),"$3,000,000 ","$3,000,000 "
147,"Layne, T"," Layne, T",NYY,2,3.63,44.66666667,3,21,38,0.23,1.3,697,0.666666667,15.60447761,0.850746269,0.470149254,248,BOS,RP,"$563,750 ",1 (2016),"$563,750 ","$563,750 "
148,"Leake, M"," Leake, M",STL,9,4.69,176.6666667,20,30,125,0.288,1.32,2659,0.666666667,15.0509434,0.70754717,0.169811321,36,STL,SP,"$12,000,000 ",5 (2016-20),"$80,000,000 ","$16,000,000 "
149,"Lester, J"," Lester, J",CHC,19,2.44,202.6666667,21,52,197,0.211,1.02,3161,0.666666667,15.59703947,0.972039474,0.256578947,6,CHC,SP,"$25,000,000 ",6 (2015-20),"$155,000,000 ","$25,833,333 "
150,"Lewis, C"," Lewis, C",TEX,6,3.71,116.3333333,19,28,73,0.236,1.13,1750,0.333333333,15.04297994,0.627507163,0.240687679,92,TEX,SP,"$6,000,000 ",1 (2016),"$6,000,000 ","$6,000,000 "
151,"Liriano, F"," Liriano, F",TOR,8,4.69,163,26,85,168,0.252,1.48,2793,0,17.13496933,1.030674847,0.521472393,27,PIT,SP,"$13,666,667 ",3 (2015-17),"$39,000,000 ","$13,000,000 "
152,"Locke, J"," Locke, J",PIT,9,5.44,127.3333333,17,44,73,0.298,1.53,2096,0.333333333,16.46073298,0.573298429,0.345549738,148,PIT,SP,"$3,025,000 ",1 (2016),"$3,025,000 ","$3,025,000 "
153,"Logan, B"," Logan, B",COL,2,3.69,46.33333333,4,20,57,0.166,1.01,748,0.333333333,16.14388489,1.230215827,0.431654676,86,COL,RP,"$6,250,000 ",3 (2014-16),"$16,500,000 ","$5,500,000 "
154,"Lorenzen, M"," Lorenzen, M",CIN,2,2.88,50,5,13,48,0.224,1.08,755,0,15.1,0.96,0.26,324,CIN,RP,"$516,500 ",1 (2016),"$516,500 ","$516,500 "
155,"Lyles, J"," Lyles, J",COL,4,5.83,58.66666667,4,28,32,0.291,1.65,957,0.666666667,16.3125,0.545454545,0.477272727,152,COL,SP,"$2,975,000 ",1 (2016),"$2,975,000 ","$2,975,000 "
156,"Lyons, T"," Lyons, T",STL,2,3.38,48,9,14,46,0.205,1.02,678,0,14.125,0.958333333,0.291666667,347,STL,RP,"$512,500 ",1 (2016),"$512,500 ","$512,500 "
157,"Madson, R"," Madson, R",OAK,6,3.62,64.66666667,7,20,49,0.257,1.28,1002,0.666666667,15.49484536,0.757731959,0.309278351,82,OAK,RP,"$6,666,667 ",3 (2016-18),"$22,000,000 ","$7,333,333 "
158,"Maeda, K"," Maeda, K",LAD,16,3.48,175.6666667,20,50,179,0.229,1.14,2930,0.666666667,16.67931689,1.018975332,0.284629981,146,LAD,SP,"$3,125,000 ",8 (2016-23),"$25,000,000 ","$3,125,000 "
159,"Manship, J"," Manship, J",CLE,2,3.12,43.33333333,7,22,36,0.241,1.43,744,0.333333333,17.16923077,0.830769231,0.507692308,239,CLE,RP,"$765,000 ",1 (2016),"$765,000 ","$765,000 "
160,"Martinez, C"," Martinez, C",STL,16,3.04,195.3333333,15,70,174,0.233,1.22,3028,0.333333333,15.50170648,0.890784983,0.358361775,257,STL,SP,"$539,000 ",1 (2016),"$539,000 ","$539,000 "
161,"Matz, S"," Matz, S",NYM,9,3.4,132.3333333,14,31,129,0.257,1.21,2153,0.333333333,16.26952141,0.974811083,0.234256927,331,NYM,SP,"$515,750 ",1 (2016),"$515,750 ","$515,750 "
162,"Maurer, B"," Maurer, B",SD,0,4.52,69.66666667,7,23,72,0.238,1.26,1229,0.666666667,17.64114833,1.033492823,0.330143541,277,SD,RP,"$526,400 ",1 (2016),"$526,400 ","$526,400 "
163,"May, T"," May, T",MIN,2,5.27,42.66666667,7,17,60,0.232,1.31,841,0.666666667,19.7109375,1.40625,0.3984375,253,MIN,RP,"$545,000 ",1 (2016),"$545,000 ","$545,000 "
164,"McAllister, Z"," McAllister, Z",CLE,3,3.44,52.33333333,6,23,54,0.256,1.45,932,0.333333333,17.8089172,1.031847134,0.439490446,205,CLE,RP,"$1,300,000 ",1 (2016),"$1,300,000 ","$1,300,000 "
165,"McCarthy, B"," McCarthy, B",LAD,2,4.95,40,2,26,44,0.207,1.38,701,0,17.525,1.1,0.65,31,LAD,SP,"$12,500,000 ",4 (2015-18),"$48,000,000 ","$12,000,000 "
166,"McGee, J"," McGee, J",COL,2,4.73,45.66666667,9,16,38,0.301,1.58,842,0.666666667,18.4379562,0.832116788,0.350364964,108,COL,RP,"$4,800,000 ",1 (2016),"$4,800,000 ","$4,800,000 "
167,"McGowan, D"," McGowan, D",MIA,1,2.82,67,7,33,63,0.202,1.22,1080,0,16.11940299,0.940298507,0.492537313,221,MIA,RP,"$1,000,000 ",1 (2016),"$1,000,000 ","$1,000,000 "
168,"McHugh, C"," McHugh, C",HOU,13,4.34,184.6666667,25,54,177,0.282,1.41,3159,0.666666667,17.10649819,0.958483755,0.292418773,271,HOU,SP,"$529,000 ",1 (2016),"$529,000 ","$529,000 "
169,"Melancon, M"," Melancon, M",WSH,2,1.64,71.33333333,3,12,65,0.204,0.9,1023,0.333333333,14.3411215,0.911214953,0.168224299,52,PIT,RP,"$9,650,000 ",1 (2016),"$9,650,000 ","$9,650,000 "
170,"Miley, W"," Miley, W",BAL,9,5.37,166,25,49,137,0.288,1.42,2732,0,16.45783133,0.825301205,0.295180723,90,BAL,SP,"$6,166,667 ",3 (2015-17),"$19,250,000 ","$6,416,666 "
171,"Miller, A"," Miller, A",CLE,10,1.45,74.33333333,8,9,123,0.16,0.69,1118,0.333333333,15.04035874,1.65470852,0.121076233,58,NYY,RP,"$9,000,000 ",4 (2015-18),"$36,000,000 ","$9,000,000 "
172,"Miller, J"," Miller, J",COL,1,5.7,42.66666667,6,20,45,0.298,1.64,771,0.666666667,18.0703125,1.0546875,0.46875,379,COL,RP,"$509,500 ",1 (2016),"$509,500 ","$509,500 "
173,"Miller, S"," Miller, S",ARI,3,6.15,101,14,42,70,0.31,1.67,1740,0,17.22772277,0.693069307,0.415841584,114,ARI,SP,"$4,350,000 ",1 (2016),"$4,350,000 ","$4,350,000 "
174,"Milone, T"," Milone, T",MIN,3,5.71,69.33333333,15,22,49,0.299,1.53,1223,0.333333333,17.63942308,0.706730769,0.317307692,110,MIN,RP,"$4,500,000 ",1 (2016),"$4,500,000 ","$4,500,000 "
175,"Montgomery, M"," Montgomery, M",CHC,4,2.52,100,8,38,92,0.219,1.17,1513,0,15.13,0.92,0.38,332,SEA,RP,"$515,000 ",1 (2016),"$515,000 ","$515,000 "
176,"Moore, M"," Moore, M",SF,13,4.08,198.3333333,25,72,178,0.245,1.29,3285,0.333333333,16.56302521,0.897478992,0.36302521,104,TB,SP,"$5,100,000 ",5 (2012-16),"$14,000,000 ","$2,800,000 "
177,"Morin, M"," Morin, M",LAA,2,4.37,55.66666667,6,15,49,0.25,1.2,848,0.666666667,15.23353293,0.880239521,0.269461078,301,LAA,RP,"$520,000 ",1 (2016),"$520,000 ","$520,000 "
178,"Nelson, J"," Nelson, J",MIL,8,4.62,179.3333333,25,86,140,0.268,1.52,2984,0.333333333,16.6394052,0.780669145,0.479553903,292,MIL,SP,"$522,300 ",1 (2016),"$522,300 ","$522,300 "
179,"Neris, H"," Neris, H",PHI,4,2.58,80.33333333,9,30,102,0.202,1.11,1358,0.333333333,16.90456432,1.269709544,0.373443983,332,PHI,RP,"$515,000 ",1 (2016),"$515,000 ","$515,000 "
180,"Nicasio, J"," Nicasio, J",PIT,10,4.5,118,15,45,138,0.261,1.37,2165,0,18.34745763,1.169491525,0.381355932,149,PIT,RP,"$3,000,000 ",1 (2016),"$3,000,000 ","$3,000,000 "
181,"Niese, J"," Niese, J",NYM,8,5.5,121,25,47,88,0.297,1.59,2011,0,16.61983471,0.727272727,0.388429752,58,PIT,SP,"$9,000,000 ",5 (2012-16),"$25,519,500 ","$5,103,900 "
182,"Nola, A"," Nola, A",PHI,6,4.78,111,10,29,121,0.264,1.31,1796,0,16.18018018,1.09009009,0.261261261,318,PHI,SP,"$517,500 ",1 (2016),"$517,500 ","$517,500 "
183,"Nolasco, R"," Nolasco, R",LAA,8,4.42,197.6666667,26,44,144,0.267,1.24,3127,0.666666667,15.81956155,0.728499157,0.222596965,36,MIN,SP,"$12,000,000 ",4 (2014-17),"$49,000,000 ","$12,250,000 "
184,"Norris, B"," Norris, B",LAD,6,5.1,113,14,49,102,0.265,1.46,2001,0,17.7079646,0.902654867,0.433628319,163,ATL,SP,"$2,500,000 ",1 (2016),"$2,500,000 ","$2,500,000 "
185,"Norris, D"," Norris, D",DET,4,3.38,69.33333333,10,22,71,0.271,1.4,1190,0.333333333,17.16346154,1.024038462,0.317307692,339,DET,SP,"$514,500 ",1 (2016),"$514,500 ","$514,500 "
186,"Nova, I"," Nova, I",PIT,12,4.17,162,23,28,127,0.275,1.25,2310,0,14.25925926,0.783950617,0.172839506,123,NYY,RP,"$4,100,000 ",1 (2016),"$4,100,000 ","$4,100,000 "
187,"Nuno, V"," Nuno, V",SEA,1,3.53,58.66666667,11,11,51,0.289,1.33,938,0.666666667,15.98863636,0.869318182,0.1875,264,SEA,RP,"$532,900 ",1 (2016),"$532,900 ","$532,900 "
188,"Oberholtzer, B"," Oberholtzer, B",LAA,3,5.89,70.33333333,18,29,54,0.294,1.62,1218,0.333333333,17.31753555,0.767772512,0.412322275,314,PHI,RP,"$518,000 ",1 (2016),"$518,000 ","$518,000 "
189,"Odorizzi, J"," Odorizzi, J",TB,10,3.69,187.6666667,29,54,166,0.241,1.19,3308,0.666666667,17.62699822,0.884547069,0.287744227,298,TB,SP,"$520,700 ",1 (2016),"$520,700 ","$520,700 "
190,"Oh, S"," Oh, S",STL,6,1.92,79.66666667,5,18,103,0.19,0.92,1303,0.666666667,16.35564854,1.292887029,0.225941423,163,STL,RP,"$2,500,000 ",1 (2016),"$2,500,000 ","$2,500,000 "
191,"Ohlendorf, R"," Ohlendorf, R",CIN,5,4.66,65.66666667,14,32,68,0.237,1.39,1138,0.666666667,17.32994924,1.035532995,0.487309645,238,CIN,RP,"$800,000 ",1 (2016),"$800,000 ","$800,000 "
192,"Osuna, R"," Osuna, R",TOR,4,2.68,74,9,14,82,0.206,0.93,1134,0,15.32432432,1.108108108,0.189189189,326,TOR,RP,"$516,100 ",1 (2016),"$516,100 ","$516,100 "
193,"Otero, D"," Otero, D",CLE,5,1.53,70.66666667,2,10,57,0.211,0.91,1001,0.666666667,14.16509434,0.806603774,0.141509434,301,CLE,RP,"$520,000 ",1 (2016),"$520,000 ","$520,000 "
194,"Peavy, J"," Peavy, J",SF,5,5.54,118.6666667,18,36,102,0.282,1.43,2026,0.666666667,17.07303371,0.859550562,0.303370787,25,SF,SP,"$15,000,000 ",2 (2015-16),"$24,000,000 ","$12,000,000 "
195,"Peralta, W"," Peralta, W",MIL,7,4.86,127.6666667,19,43,93,0.305,1.53,2132,0.666666667,16.6997389,0.72845953,0.336814621,155,MIL,SP,"$2,800,000 ",1 (2016),"$2,800,000 ","$2,800,000 "
196,"Perdomo, L"," Perdomo, L",SD,9,5.71,146.6666667,23,46,105,0.31,1.59,2371,0.666666667,16.16590909,0.715909091,0.313636364,402,SD,RP,"$507,500 ",1 (2016),"$507,500 ","$507,500 "
197,"Perez, M"," Perez, M",TEX,10,4.39,198.6666667,18,76,103,0.27,1.41,3078,0.666666667,15.49328859,0.518456376,0.382550336,145,TEX,SP,"$3,150,000 ",4 (2014-17),"$12,500,000 ","$3,125,000 "
198,"Perez, O"," Perez, O",WSH,2,4.95,40,4,20,46,0.248,1.45,723,0,18.075,1.15,0.5,149,WSH,RP,"$3,000,000 ",2 (2016-17),"$7,000,000 ","$3,500,000 "
199,"Perez, W"," Perez, W",ATL,2,6.04,53.66666667,7,15,27,0.271,1.34,859,0.666666667,16.00621118,0.50310559,0.279503106,363,ATL,SP,"$511,250 ",1 (2016),"$511,250 ","$511,250 "
200,"Petit, Y"," Petit, Y",WSH,3,4.5,62,12,15,49,0.272,1.32,969,0,15.62903226,0.790322581,0.241935484,163,WSH,RP,"$2,500,000 ",1 (2016),"$2,500,000 ","$2,500,000 "
201,"Phelps, D"," Phelps, D",MIA,7,2.28,86.66666667,6,38,114,0.197,1.14,1497,0.666666667,17.27307692,1.315384615,0.438461538,163,MIA,RP,"$2,500,000 ",1 (2016),"$2,500,000 ","$2,500,000 "
202,"Pineda, M"," Pineda, M",NYY,6,4.82,175.6666667,27,53,207,0.266,1.35,3017,0.666666667,17.17457306,1.178368121,0.30170778,116,NYY,SP,"$4,300,000 ",1 (2016),"$4,300,000 ","$4,300,000 "
203,"Pomeranz, D"," Pomeranz, D",BOS,11,3.32,170.6666667,22,65,186,0.217,1.18,2841,0.666666667,16.64648438,1.08984375,0.380859375,203,SD,RP,"$1,350,000 ",1 (2016),"$1,350,000 ","$1,350,000 "
204,"Porcello, R"," Porcello, R",BOS,22,3.15,223,23,32,189,0.23,1.01,3410,0,15.29147982,0.847533632,0.143497758,15,BOS,SP,"$20,125,000 ",4 (2016-19),"$82,500,000 ","$20,625,000 "
205,"Pressly, R"," Pressly, R",MIN,6,3.7,75.33333333,8,23,67,0.266,1.35,1220,0.333333333,16.19469027,0.889380531,0.305309735,301,MIN,RP,"$520,000 ",1 (2016),"$520,000 ","$520,000 "
206,"Price, D"," Price, D",BOS,17,3.99,230,30,50,228,0.258,1.2,3595,0,15.63043478,0.991304348,0.217391304,3,BOS,SP,"$30,000,000 ",7 (2016-22),"$217,000,000 ","$31,000,000 "
207,"Quackenbush, K"," Quackenbush, K",SD,7,3.92,59.66666667,8,22,42,0.242,1.29,1025,0.666666667,17.17877095,0.703910615,0.368715084,295,SD,RP,"$521,200 ",1 (2016),"$521,200 ","$521,200 "
208,"Quintana, J"," Quintana, J",CWS,13,3.2,208,22,50,181,0.246,1.16,3282,0,15.77884615,0.870192308,0.240384615,99,CWS,SP,"$5,400,000 ",5 (2014-18),"$21,000,000 ","$4,200,000 "
209,"Ramirez, E"," Ramirez, E",TB,7,3.77,90.66666667,14,26,63,0.265,1.28,1358,0.666666667,14.97794118,0.694852941,0.286764706,169,TB,SP,"$2,375,000 ",1 (2016),"$2,375,000 ","$2,375,000 "
210,"Ramirez, J"," Ramirez, J",LAA,3,4.35,78.66666667,12,22,59,0.257,1.26,1242,0.666666667,15.78813559,0.75,0.279661017,402,ATL,RP,"$507,500 ",1 (2016),"$507,500 ","$507,500 "
211,"Ramos, A"," Ramos, A",MIA,1,2.81,64,1,35,73,0.223,1.36,1117,0,17.453125,1.140625,0.546875,141,MIA,RP,"$3,400,000 ",1 (2016),"$3,400,000 ","$3,400,000 "
212,"Ray, R"," Ray, R",ARI,8,4.9,174.3333333,24,71,218,0.267,1.47,3176,0.333333333,18.21797323,1.250478011,0.407265774,296,ARI,SP,"$521,000 ",1 (2016),"$521,000 ","$521,000 "
213,"Rea, C"," Rea, C",SD,5,4.82,102.6666667,12,44,80,0.258,1.42,1761,0.666666667,17.1525974,0.779220779,0.428571429,369,SD,SP,"$510,200 ",1 (2016),"$510,200 ","$510,200 "
214,"Reed, A"," Reed, A",NYM,4,1.97,77.66666667,4,13,91,0.21,0.94,1193,0.666666667,15.36051502,1.17167382,0.167381974,102,NYM,RP,"$5,300,000 ",1 (2016),"$5,300,000 ","$5,300,000 "
215,"Richard, C"," Richard, C",SD,3,3.33,67.66666667,4,31,41,0.3,1.66,1086,0.666666667,16.04926108,0.60591133,0.458128079,174,CHC,RP,"$2,000,000 ",1 (2016),"$2,000,000 ","$2,000,000 "
216,"Rivero, F"," Rivero, F",PIT,1,4.09,77,7,33,92,0.231,1.29,1294,0,16.80519481,1.194805195,0.428571429,326,WSH,RP,"$516,100 ",1 (2016),"$516,100 ","$516,100 "
217,"Roark, T"," Roark, T",WSH,16,2.83,210,17,73,172,0.228,1.17,3355,0,15.97619048,0.819047619,0.347619048,254,WSH,SP,"$543,400 ",1 (2016),"$543,400 ","$543,400 "
218,"Robertson, D"," Robertson, D",CWS,5,3.47,62.33333333,6,32,75,0.231,1.36,1050,0.333333333,16.84491979,1.203208556,0.513368984,41,CWS,RP,"$11,000,000 ",4 (2015-18),"$46,000,000 ","$11,500,000 "
219,"Robles, H"," Robles, H",NYM,6,3.48,77.66666667,7,36,85,0.24,1.35,1376,0.666666667,17.7167382,1.094420601,0.463519313,324,NYM,RP,"$516,500 ",1 (2016),"$516,500 ","$516,500 "
220,"Rodney, F"," Rodney, F",MIA,2,3.44,65.33333333,5,37,74,0.228,1.39,1149,0.333333333,17.58673469,1.132653061,0.566326531,188,SD,RP,"$1,600,000 ",1 (2016),"$1,600,000 ","$1,600,000 "
221,"Rodon, C"," Rodon, C",CWS,9,4.04,165,23,54,168,0.273,1.39,2795,0,16.93939394,1.018181818,0.327272727,314,CWS,SP,"$518,000 ",1 (2016),"$518,000 ","$518,000 "
222,"Rodriguez, E"," Rodriguez, E",BOS,3,4.71,107,16,40,100,0.241,1.3,1854,0,17.3271028,0.934579439,0.373831776,296,BOS,SP,"$521,000 ",1 (2016),"$521,000 ","$521,000 "
223,"Rodriguez, F"," Rodriguez, F",DET,3,3.24,58.33333333,6,21,52,0.214,1.13,928,0.333333333,15.90857143,0.891428571,0.36,218,OAK,RP,"$1,050,000 ",1 (2016),"$1,050,000 ","$1,050,000 "
224,"Rodriguez, F"," Rodriguez, F",DET,3,3.24,58.33333333,6,21,52,0.214,1.13,928,0.333333333,15.90857143,0.891428571,0.36,73,DET,RP,"$7,383,481 ",2 (2015-16),"$13,000,000 ","$6,500,000 "
225,"Rodriguez, F"," Rodriguez, F",OAK,2,4.2,40.66666667,3,17,37,0.21,1.16,660,0.666666667,16.2295082,0.909836066,0.418032787,218,OAK,RP,"$1,050,000 ",1 (2016),"$1,050,000 ","$1,050,000 "
226,"Rodriguez, F"," Rodriguez, F",OAK,2,4.2,40.66666667,3,17,37,0.21,1.16,660,0.666666667,16.2295082,0.909836066,0.418032787,73,DET,RP,"$7,383,481 ",2 (2015-16),"$13,000,000 ","$6,500,000 "
227,"Romero, E"," Romero, E",TB,2,5.91,45.66666667,7,28,50,0.244,1.53,811,0.666666667,17.75912409,1.094890511,0.613138686,370,TB,RP,"$510,000 ",1 (2016),"$510,000 ","$510,000 "
228,"Rondon, H"," Rondon, H",CHC,2,3.53,51,8,8,58,0.225,0.98,785,0,15.39215686,1.137254902,0.156862745,121,CHC,RP,"$4,200,000 ",1 (2016),"$4,200,000 ","$4,200,000 "
229,"Rosenthal, T"," Rosenthal, T",STL,2,4.46,40.33333333,3,29,56,0.293,1.91,858,0.333333333,21.27272727,1.388429752,0.719008264,96,STL,RP,"$5,600,000 ",1 (2016),"$5,600,000 ","$5,600,000 "
230,"Rusin, C"," Rusin, C",COL,3,3.74,84.33333333,5,23,69,0.259,1.25,1264,0.333333333,14.98814229,0.818181818,0.272727273,347,COL,RP,"$512,500 ",1 (2016),"$512,500 ","$512,500 "
231,"Ryan, K"," Ryan, K",DET,4,3.07,55.66666667,2,15,35,0.234,1.13,837,0.666666667,15.03592814,0.628742515,0.269461078,379,DET,RP,"$509,500 ",1 (2016),"$509,500 ","$509,500 "
232,"Rzepczynski, M"," Rzepczynski, M",WSH,1,2.64,47.66666667,1,29,46,0.256,1.57,840,0.666666667,17.62237762,0.965034965,0.608391608,153,OAK,RP,"$2,950,000 ",1 (2016),"$2,950,000 ","$2,950,000 "
233,"Sabathia, C"," Sabathia, C",NYY,9,3.91,179.6666667,22,65,152,0.25,1.32,2910,0.666666667,16.19666048,0.846011132,0.361781076,6,NYY,SP,"$25,000,000 ",5 (2012-16),"$122,000,000 ","$24,400,000 "
234,"Salas, F"," Salas, F",NYM,3,3.91,73.66666667,12,19,64,0.232,1.11,1212,0.666666667,16.45248869,0.868778281,0.257918552,168,LAA,RP,"$2,400,000 ",1 (2016),"$2,400,000 ","$2,400,000 "
235,"Salazar, D"," Salazar, D",CLE,11,3.87,137.3333333,16,63,161,0.235,1.34,2403,0.333333333,17.49757282,1.172330097,0.458737864,260,CLE,SP,"$536,200 ",1 (2016),"$536,200 ","$536,200 "
236,"Sale, C"," Sale, C",CWS,17,3.34,226.6666667,27,45,233,0.227,1.04,3431,0.666666667,15.13676471,1.027941176,0.198529412,57,CWS,SP,"$9,150,000 ",5 (2013-17),"$32,500,000 ","$6,500,000 "
237,"Samardzija, J"," Samardzija, J",SF,12,3.81,203.3333333,24,54,167,0.249,1.2,3190,0.333333333,15.68852459,0.821311475,0.26557377,45,SF,SP,"$10,800,000 ",5 (2016-20),"$90,000,000 ","$18,000,000 "
238,"Sampson, K"," Sampson, K",CIN,0,4.35,39.33333333,9,27,42,0.255,1.7,796,0.333333333,20.23728814,1.06779661,0.686440678,402,CIN,SP,"$507,500 ",1 (2016),"$507,500 ","$507,500 "
239,"Sanchez, A"," Sanchez, A",DET,7,5.87,153.3333333,30,53,135,0.285,1.46,2577,0.333333333,16.80652174,0.880434783,0.345652174,317,TOR,SP,"$517,800 ",1 (2016),"$517,800 ","$517,800 "
240,"Sanchez, A"," Sanchez, A",DET,7,5.87,153.3333333,30,53,135,0.285,1.46,2577,0.333333333,16.80652174,0.880434783,0.345652174,21,DET,SP,"$16,800,000 ",5 (2013-17),"$80,000,000 ","$16,000,000 "
241,"Sanchez, A"," Sanchez, A",TOR,15,3,192,15,63,161,0.224,1.17,2919,0,15.203125,0.838541667,0.328125,317,TOR,SP,"$517,800 ",1 (2016),"$517,800 ","$517,800 "
242,"Sanchez, A"," Sanchez, A",TOR,15,3,192,15,63,161,0.224,1.17,2919,0,15.203125,0.838541667,0.328125,21,DET,SP,"$16,800,000 ",5 (2013-17),"$80,000,000 ","$16,000,000 "
243,"Santana, E"," Santana, E",MIN,7,3.38,181.3333333,19,53,149,0.245,1.22,2931,0.333333333,16.16360294,0.821691176,0.292279412,28,MIN,SP,"$13,500,000 ",4 (2015-18),"$55,000,000 ","$13,750,000 "
244,"Santiago, H"," Santiago, H",MIN,13,4.7,182,33,79,144,0.245,1.36,3172,0,17.42857143,0.791208791,0.434065934,105,LAA,SP,"$5,000,000 ",1 (2016),"$5,000,000 ","$5,000,000 "
245,"Scherzer, M"," Scherzer, M",WSH,20,2.96,228.3333333,31,56,284,0.199,0.97,3563,0.333333333,15.60437956,1.24379562,0.245255474,9,WSH,SP,"$22,142,857 ",7 (2015-21),"$210,000,000 ","$30,000,000 "
246,"Severino, L"," Severino, L",NYY,3,5.83,71,11,25,66,0.275,1.45,1269,0,17.87323944,0.929577465,0.352112676,294,NYY,SP,"$521,300 ",1 (2016),"$521,300 ","$521,300 "
247,"Shaw, B"," Shaw, B",CLE,2,3.24,66.66666667,8,28,69,0.23,1.26,1158,0.666666667,17.37,1.035,0.42,157,CLE,RP,"$2,750,000 ",1 (2016),"$2,750,000 ","$2,750,000 "
248,"Shields, J"," Shields, J",CWS,6,5.85,181.6666667,40,82,135,0.288,1.6,3133,0.666666667,17.24587156,0.743119266,0.451376147,11,SD,SP,"$21,000,000 ",4 (2015-18),"$75,000,000 ","$18,750,000 "
249,"Shoemaker, M"," Shoemaker, M",LAA,9,3.88,160,18,30,143,0.266,1.23,2476,0,15.475,0.89375,0.1875,267,LAA,SP,"$530,000 ",1 (2016),"$530,000 ","$530,000 "
250,"Siegrist, K"," Siegrist, K",STL,6,2.77,61.66666667,10,26,66,0.193,1.1,1050,0.666666667,17.02702703,1.07027027,0.421621622,257,STL,RP,"$539,000 ",1 (2016),"$539,000 ","$539,000 "
251,"Simon, A"," Simon, A",CIN,2,9.36,58.66666667,15,31,39,0.349,2.05,1120,0.666666667,19.09090909,0.664772727,0.528409091,174,CIN,SP,"$2,000,000 ",1 (2016),"$2,000,000 ","$2,000,000 "
252,"Sipp, T"," Sipp, T",HOU,1,4.95,43.66666667,12,18,40,0.297,1.6,780,0.666666667,17.86259542,0.916030534,0.41221374,92,HOU,RP,"$6,000,000 ",3 (2016-18),"$18,000,000 ","$6,000,000 "
253,"Smith, J"," Smith, J",CIN,3,4.68,59.66666667,11,26,48,0.247,1.39,1042,0.666666667,17.46368715,0.804469274,0.43575419,103,LAA,RP,"$5,250,000 ",3 (2014-16),"$15,750,000 ","$5,250,000 "
254,"Smith, J"," Smith, J",CHC,2,3.46,52,8,18,40,0.246,1.25,815,0,15.67307692,0.769230769,0.346153846,103,LAA,RP,"$5,250,000 ",3 (2014-16),"$15,750,000 ","$5,250,000 "
255,"Smith, W"," Smith, W",SF,2,3.35,40.33333333,3,18,48,0.212,1.21,650,0.333333333,16.11570248,1.190082645,0.446280992,198,MIL,RP,"$1,475,000 ",1 (2016),"$1,475,000 ","$1,475,000 "
256,"Smyly, D"," Smyly, D",TB,7,4.88,175.3333333,32,49,167,0.259,1.27,2893,0.333333333,16.5,0.952471483,0.279467681,135,TB,SP,"$3,750,000 ",1 (2016),"$3,750,000 ","$3,750,000 "
257,"Soria, J"," Soria, J",KC,5,4.05,66.66666667,10,27,68,0.271,1.46,1193,0.666666667,17.895,1.02,0.405,77,KC,RP,"$7,000,000 ",3 (2016-18),"$25,000,000 ","$8,333,333 "
258,"Storen, D"," Storen, D",SEA,4,5.23,51.66666667,7,13,48,0.271,1.34,871,0.666666667,16.85806452,0.929032258,0.251612903,65,TOR,RP,"$8,375,000 ",1 (2016),"$8,375,000 ","$8,375,000 "
259,"Straily, D"," Straily, D",CIN,14,3.76,191.3333333,31,73,162,0.22,1.19,3061,0.333333333,15.99825784,0.846689895,0.381533101,356,CIN,RP,"$512,100 ",1 (2016),"$512,100 ","$512,100 "
260,"Strasburg, S"," Strasburg, S",WSH,15,3.6,147.6666667,15,44,183,0.218,1.1,2385,0.666666667,16.15124153,1.239277652,0.297968397,48,WSH,SP,"$10,400,000 ",1 (2016),"$10,400,000 ","$10,400,000 "
261,"Strickland, H"," Strickland, H",SF,3,3.1,61,4,19,57,0.221,1.13,1019,0,16.70491803,0.93442623,0.31147541,318,SF,RP,"$517,500 ",1 (2016),"$517,500 ","$517,500 "
262,"Stripling, R"," Stripling, R",LAD,5,3.96,100,10,30,74,0.25,1.26,1590,0,15.9,0.74,0.3,402,LAD,SP,"$507,500 ",1 (2016),"$507,500 ","$507,500 "
263,"Stroman, M"," Stroman, M",TOR,9,4.37,204,21,54,166,0.264,1.29,3102,0,15.20588235,0.81372549,0.264705882,330,TOR,SP,"$515,900 ",1 (2016),"$515,900 ","$515,900 "
264,"Strop, P"," Strop, P",CHC,2,2.85,47.33333333,4,15,60,0.163,0.89,729,0.333333333,15.40140845,1.267605634,0.316901408,113,CHC,RP,"$4,400,000 ",1 (2016),"$4,400,000 ","$4,400,000 "
265,"Syndergaard, N"," Syndergaard, N",NYM,14,2.6,183.6666667,11,43,218,0.243,1.15,2935,0.666666667,15.9800363,1.186932849,0.234119782,261,NYM,SP,"$535,375 ",1 (2016),"$535,375 ","$535,375 "
266,"Tanaka, M"," Tanaka, M",NYY,14,3.07,199.6666667,22,36,165,0.236,1.08,2935,0.666666667,14.69949917,0.826377295,0.180300501,10,NYY,SP,"$22,000,000 ",7 (2014-20),"$155,000,000 ","$22,142,857 "
267,"Tazawa, J"," Tazawa, J",BOS,3,4.17,49.66666667,9,14,54,0.245,1.23,838,0.666666667,16.87248322,1.087248322,0.281879195,142,BOS,RP,"$3,375,000 ",1 (2016),"$3,375,000 ","$3,375,000 "
268,"Teheran, J"," Teheran, J",ATL,7,3.21,188,22,41,167,0.223,1.05,2971,0,15.80319149,0.888297872,0.218085106,138,ATL,P,"$3,466,666 ",6 (2014-19),"$32,400,000 ","$5,400,000 "
269,"Thornburg, T"," Thornburg, T",MIL,8,2.15,67,6,25,90,0.162,0.94,1145,0,17.08955224,1.343283582,0.373134328,344,MIL,RP,"$513,900 ",1 (2016),"$513,900 ","$513,900 "
270,"Tillman, C"," Tillman, C",BAL,16,3.77,172,19,66,140,0.244,1.28,2936,0,17.06976744,0.813953488,0.38372093,88,BAL,SP,"$6,225,000 ",1 (2016),"$6,225,000 ","$6,225,000 "
271,"Tomlin, J"," Tomlin, J",CLE,13,4.4,174,36,20,118,0.269,1.19,2612,0,15.01149425,0.67816092,0.114942529,172,CLE,SP,"$2,250,000 ",2 (2016-17),"$5,500,000 ","$2,750,000 "
272,"Tonkin, M"," Tonkin, M",MIN,3,5.02,71.66666667,13,24,80,0.28,1.45,1287,0.666666667,17.95813953,1.11627907,0.334883721,332,MIN,RP,"$515,000 ",1 (2016),"$515,000 ","$515,000 "
273,"Torres, C"," Torres, C",MIL,3,2.73,82.33333333,8,30,78,0.217,1.15,1317,0.333333333,15.99595142,0.947368421,0.36437247,218,MIL,RP,"$1,050,000 ",1 (2016),"$1,050,000 ","$1,050,000 "
274,"Treinen, B"," Treinen, B",WSH,4,2.28,67,5,31,63,0.224,1.22,1002,0,14.95522388,0.940298507,0.462686567,282,WSH,RP,"$524,900 ",1 (2016),"$524,900 ","$524,900 "
275,"Uehara, K"," Uehara, K",BOS,2,3.45,47,8,11,63,0.2,0.96,769,0,16.36170213,1.340425532,0.234042553,58,BOS,P,"$9,000,000 ",2 (2015-16),"$18,000,000 ","$9,000,000 "
276,"Velasquez, V"," Velasquez, V",PHI,8,4.12,131,21,45,152,0.263,1.33,2213,0,16.89312977,1.160305344,0.34351145,328,PHI,SP,"$516,000 ",1 (2016),"$516,000 ","$516,000 "
277,"Verlander, J"," Verlander, J",DET,16,3.04,227.6666667,30,57,254,0.207,1,3668,0.666666667,16.11127379,1.115666179,0.250366032,4,DET,SP,"$28,000,000 ",7 (2013-19),"$180,000,000 ","$25,714,285 "
278,"Verrett, L"," Verrett, L",NYM,3,5.2,91.66666667,16,43,66,0.283,1.56,1570,0.666666667,17.12727273,0.72,0.469090909,338,NYM,RP,"$514,875 ",1 (2016),"$514,875 ","$514,875 "
279,"Villanueva, C"," Villanueva, C",SD,2,5.96,74,17,14,61,0.297,1.39,1193,0,16.12162162,0.824324324,0.189189189,197,SD,RP,"$1,490,314 ",1 (2016),"$1,490,314 ","$1,490,314 "
280,"Vincent, N"," Vincent, N",SEA,4,3.73,60.33333333,11,15,65,0.231,1.13,935,0.333333333,15.49723757,1.077348066,0.248618785,278,SEA,RP,"$525,500 ",1 (2016),"$525,500 ","$525,500 "
281,"Vizcaino, A"," Vizcaino, A",ATL,1,4.42,38.66666667,3,26,50,0.24,1.63,720,0.666666667,18.62068966,1.293103448,0.672413793,233,ATL,RP,"$897,500 ",1 (2016),"$897,500 ","$897,500 "
282,"Vogelsong, R"," Vogelsong, R",PIT,3,4.81,82.33333333,11,40,61,0.254,1.46,1390,0.333333333,16.88259109,0.740890688,0.48582996,174,PIT,SP,"$2,000,000 ",1 (2016),"$2,000,000 ","$2,000,000 "
283,"Volquez, E"," Volquez, E",KC,10,5.37,189.3333333,23,76,139,0.286,1.55,3232,0.333333333,17.07042254,0.73415493,0.401408451,54,KC,SP,"$9,500,000 ",2 (2015-16),"$20,000,000 ","$10,000,000 "
284,"Wacha, M"," Wacha, M",STL,7,5.09,138,15,45,114,0.289,1.48,2324,0,16.84057971,0.826086957,0.326086957,257,STL,SP,"$539,000 ",1 (2016),"$539,000 ","$539,000 "
285,"Wainwright, A"," Wainwright, A",STL,13,4.62,198.6666667,22,59,161,0.287,1.4,3195,0.666666667,16.08221477,0.810402685,0.296979866,17,STL,SP,"$19,500,000 ",5 (2014-18),"$97,500,000 ","$19,500,000 "
286,"Walker, T"," Walker, T",SEA,8,4.22,134.3333333,27,37,119,0.247,1.24,2311,0.333333333,17.20347395,0.885856079,0.275434243,273,SEA,SP,"$528,600 ",1 (2016),"$528,600 ","$528,600 "
287,"Wang, C"," Wang, C",KC,6,4.22,53.33333333,6,18,30,0.286,1.46,835,0.333333333,15.65625,0.5625,0.3375,221,KC,SP,"$1,000,000 ",1 (2016),"$1,000,000 ","$1,000,000 "
288,"Warren, A"," Warren, A",NYY,7,4.68,65.33333333,11,29,52,0.244,1.35,1185,0.333333333,18.1377551,0.795918367,0.443877551,186,CHC,RP,"$1,700,000 ",1 (2016),"$1,700,000 ","$1,700,000 "
289,"Watson, T"," Watson, T",PIT,2,3.06,67.66666667,10,20,58,0.215,1.06,1045,0.666666667,15.44334975,0.857142857,0.295566502,139,PIT,RP,"$3,450,000 ",1 (2016),"$3,450,000 ","$3,450,000 "
290,"Weaver, J"," Weaver, J",LAA,12,5.06,178,37,51,103,0.297,1.46,2835,0,15.92696629,0.578651685,0.286516854,14,LAA,SP,"$20,200,000 ",5 (2012-16),"$85,000,000 ","$17,000,000 "
291,"Wilhelmsen, T"," Wilhelmsen, T",SEA,2,6.8,46.33333333,11,19,28,0.321,1.71,808,0.333333333,17.43884892,0.604316547,0.410071942,147,TEX,RP,"$3,100,000 ",1 (2016),"$3,100,000 ","$3,100,000 "
292,"Wilson, A"," Wilson, A",DET,4,2.96,73,5,21,49,0.252,1.22,1130,0,15.47945205,0.671232877,0.287671233,291,DET,RP,"$522,500 ",1 (2016),"$522,500 ","$522,500 "
293,"Wilson, J"," Wilson, J",DET,4,4.14,58.66666667,6,17,65,0.263,1.33,996,0.666666667,16.97727273,1.107954545,0.289772727,192,DET,RP,"$1,525,000 ",1 (2016),"$1,525,000 ","$1,525,000 "
294,"Wilson, T"," Wilson, T",BAL,4,5.27,94,15,24,55,0.288,1.43,1470,0,15.63829787,0.585106383,0.255319149,359,BAL,RP,"$511,500 ",1 (2016),"$511,500 ","$511,500 "
295,"Wisler, M"," Wisler, M",ATL,7,5,156.6666667,26,49,115,0.259,1.33,2438,0.666666667,15.56170213,0.734042553,0.312765957,402,ATL,SP,"$507,500 ",1 (2016),"$507,500 ","$507,500 "
296,"Wood, A"," Wood, A",LAD,1,3.73,60.33333333,5,20,66,0.245,1.26,985,0.333333333,16.32596685,1.093922652,0.331491713,267,LAD,SP,"$530,000 ",1 (2016),"$530,000 ","$530,000 "
297,"Wood, B"," Wood, B",CIN,6,3.99,76.66666667,9,38,81,0.251,1.43,1313,0.666666667,17.12608696,1.056521739,0.495652174,244,CIN,RP,"$600,000 ",1 (2016),"$600,000 ","$600,000 "
298,"Wood, T"," Wood, T",CHC,4,2.95,61,8,24,47,0.199,1.13,1016,0,16.6557377,0.770491803,0.393442623,89,CHC,RP,"$6,170,000 ",1 (2016),"$6,170,000 ","$6,170,000 "
299,"Worley, V"," Worley, V",BAL,2,3.53,86.66666667,11,35,56,0.261,1.37,1300,0.666666667,15,0.646153846,0.403846154,159,BAL,SP,"$2,600,000 ",1 (2016),"$2,600,000 ","$2,600,000 "
300,"Wright, M"," Wright, M",BAL,3,5.79,74.66666667,12,26,50,0.282,1.43,1296,0.666666667,17.35714286,0.669642857,0.348214286,366,BAL,SP,"$510,500 ",1 (2016),"$510,500 ","$510,500 "
301,"Wright, S"," Wright, S",BOS,13,3.33,156.6666667,12,57,127,0.235,1.24,2496,0.666666667,15.93191489,0.810638298,0.363829787,339,BOS,SP,"$514,500 ",1 (2016),"$514,500 ","$514,500 "
302,"Yates, K"," Yates, K",LAA,2,5.23,41.33333333,5,19,50,0.258,1.45,800,0.333333333,19.35483871,1.209677419,0.459677419,357,NYY,RP,"$511,900 ",1 (2016),"$511,900 ","$511,900 "
303,"Young, C"," Young, C",KC,3,6.19,88.66666667,28,43,94,0.291,1.66,1678,0.666666667,18.92481203,1.060150376,0.484962406,117,KC,SP,"$4,250,000 ",2 (2016-17),"$11,500,000 ","$5,750,000 "
304,"Ziegler, B"," Ziegler, B",BOS,4,2.25,68,2,26,58,0.261,1.37,1035,0,15.22058824,0.852941176,0.382352941,98,ARI,P,"$5,500,000 ",2 (2014-15),"$10,500,000 ","$5,250,000 "
305,"Zimmermann, J"," Zimmermann, J",DET,9,4.87,105.3333333,14,26,66,0.284,1.37,1707,0.333333333,16.2056962,0.626582278,0.246835443,18,DET,SP,"$18,000,000 ",5 (2016-20),"$110,000,000 ","$22,000,000 "
